[{"model": "contenttypes.contenttype", "pk": 1, "fields": {"app_label": "admin", "model": "logentry"}}, {"model": "contenttypes.contenttype", "pk": 2, "fields": {"app_label": "auth", "model": "permission"}}, {"model": "contenttypes.contenttype", "pk": 3, "fields": {"app_label": "auth", "model": "group"}}, {"model": "contenttypes.contenttype", "pk": 4, "fields": {"app_label": "auth", "model": "user"}}, {"model": "contenttypes.contenttype", "pk": 5, "fields": {"app_label": "contenttypes", "model": "contenttype"}}, {"model": "contenttypes.contenttype", "pk": 6, "fields": {"app_label": "sessions", "model": "session"}}, {"model": "contenttypes.contenttype", "pk": 7, "fields": {"app_label": "api", "model": "post"}}, {"model": "contenttypes.contenttype", "pk": 8, "fields": {"app_label": "api", "model": "preference"}}, {"model": "contenttypes.contenttype", "pk": 9, "fields": {"app_label": "api", "model": "profile"}}, {"model": "sessions.session", "pk": "3d4dw5ev0zmg3jcmm4vwwrghbb4a6sx8", "fields": {"session_data": "OTViZjM1NzBmNTc0YzEzM2QxNTdjYzJhZDM4ZDNhMWQxM2Y5YjliYjp7Il9hdXRoX3VzZXJfaWQiOiI1IiwiX2F1dGhfdXNlcl9iYWNrZW5kIjoiZGphbmdvLmNvbnRyaWIuYXV0aC5iYWNrZW5kcy5Nb2RlbEJhY2tlbmQiLCJfYXV0aF91c2VyX2hhc2giOiIxMGVlNGVmMDgwMTc4NWUwMmIyMzliMjBhMGI5ZWQwNDdkNjE1ZTY3In0=", "expire_date": "2018-09-27T12:58:14.079Z"}}, {"model": "sessions.session", "pk": "5duonirrqg6cnkk0w0mwl3626w1fjnv6", "fields": {"session_data": "MTlmZTZmOGVjZjVjN2UwNzkxMDY0ZDc4ZDZhYWQzYTkzNzdiMWNkZDp7Il9hdXRoX3VzZXJfaWQiOiI0IiwiX2F1dGhfdXNlcl9iYWNrZW5kIjoiZGphbmdvLmNvbnRyaWIuYXV0aC5iYWNrZW5kcy5Nb2RlbEJhY2tlbmQiLCJfYXV0aF91c2VyX2hhc2giOiIyODQwY2ZlNmQ4ZTk0MmRkYjVmM2IyMzU1MGYzNWEzMzJjNDk3ZTExIn0=", "expire_date": "2018-09-27T12:58:13.969Z"}}, {"model": "sessions.session", "pk": "6p8kg3osqu5zu065acckyyn5qscqgo17", "fields": {"session_data": "M2ZiNTU4MGNjMThhYmYyODljNDU0ZDQ3M2JiMGQwZWEzMTVmYjgzZDp7Il9hdXRoX3VzZXJfaWQiOiI2IiwiX2F1dGhfdXNlcl9iYWNrZW5kIjoiZGphbmdvLmNvbnRyaWIuYXV0aC5iYWNrZW5kcy5Nb2RlbEJhY2tlbmQiLCJfYXV0aF91c2VyX2hhc2giOiI5MjA3NTJiOWE5NjAzZTA2Y2UwYjkzNmRlNTg3MzNlZmRlNDQyYmY5In0=", "expire_date": "2018-09-27T12:58:14.188Z"}}, {"model": "sessions.session", "pk": "be3ez83d8qef2ae0nkx30mxcwf0w1hml", "fields": {"session_data": "OWE5NWJkZDQxYmM0ZWU0MGY1NzQyMGFiNjA3MWFjYWU0NTAyYTM0MDp7Il9hdXRoX3VzZXJfaWQiOiIxIiwiX2F1dGhfdXNlcl9iYWNrZW5kIjoiZGphbmdvLmNvbnRyaWIuYXV0aC5iYWNrZW5kcy5Nb2RlbEJhY2tlbmQiLCJfYXV0aF91c2VyX2hhc2giOiIwNGJjY2Q4MDUyMmQ0ODA2ZTUyZjZkMzdjZTQ3YjM3ZjNiNTYxYWJiIn0=", "expire_date": "2018-09-27T12:58:13.648Z"}}, {"model": "sessions.session", "pk": "bndewb2f9j0h7zbipug7793bjs9xla66", "fields": {"session_data": "ZWVkZTZmYTE0OGNkMzZmNjIzYzdlYTJjZWFlNGQ2Nzk0ZmE4ZjE2NDp7Il9hdXRoX3VzZXJfaWQiOiI4IiwiX2F1dGhfdXNlcl9iYWNrZW5kIjoiZGphbmdvLmNvbnRyaWIuYXV0aC5iYWNrZW5kcy5Nb2RlbEJhY2tlbmQiLCJfYXV0aF91c2VyX2hhc2giOiI2NDI1MzI5N2JhNThlYjFlYTQ4N2Q4ODY2ZmYwMzMwZmRlZGNmZjU5In0=", "expire_date": "2018-09-27T12:58:14.416Z"}}, {"model": "sessions.session", "pk": "eydrp6wmml2lz3vfpoi1lw8c56bo8qzy", "fields": {"session_data": "N2U5ODUyN2IyNGUyODFiNzQ0N2E3ZmE2MDhmMDcwZWJjYzQwMTU2Mzp7Il9hdXRoX3VzZXJfaWQiOiI5IiwiX2F1dGhfdXNlcl9iYWNrZW5kIjoiZGphbmdvLmNvbnRyaWIuYXV0aC5iYWNrZW5kcy5Nb2RlbEJhY2tlbmQiLCJfYXV0aF91c2VyX2hhc2giOiI2MjY0NzQyMDAxNTI3ZTJmMWNiYmJhNDE4YWNjOWI5MTZjODg3MGViIn0=", "expire_date": "2018-09-27T12:58:14.532Z"}}, {"model": "sessions.session", "pk": "gbpna34f1slzbaemlkwdxi27bunk4e5s", "fields": {"session_data": "MzlkNzYyMDc2NTY1NGU2MjMxMDMwMmNmMjhhZjZjYTYxOTM4NGE1YTp7Il9hdXRoX3VzZXJfaWQiOiIzIiwiX2F1dGhfdXNlcl9iYWNrZW5kIjoiZGphbmdvLmNvbnRyaWIuYXV0aC5iYWNrZW5kcy5Nb2RlbEJhY2tlbmQiLCJfYXV0aF91c2VyX2hhc2giOiJjMzNiMDkzNWE3NjYyNzA2MjRiY2U1NGZkZmI0ZDI1MTJiYzg5ZjgwIn0=", "expire_date": "2018-09-27T12:58:13.861Z"}}, {"model": "sessions.session", "pk": "i7t0mcsior0qjhf00embteb475sy4a55", "fields": {"session_data": "NDBjNzdlODE3N2NmOGViNzM4ODM1MzE0MTc2Nzg5ODNhMjNmNDE0Njp7Il9hdXRoX3VzZXJfaWQiOiI3IiwiX2F1dGhfdXNlcl9iYWNrZW5kIjoiZGphbmdvLmNvbnRyaWIuYXV0aC5iYWNrZW5kcy5Nb2RlbEJhY2tlbmQiLCJfYXV0aF91c2VyX2hhc2giOiI4NjliODliOTlhYzRiMzU0NjcyMDcyYzRmNTBkZTJjMWRiZTAxZjgwIn0=", "expire_date": "2018-09-27T12:58:14.303Z"}}, {"model": "sessions.session", "pk": "ik4cvi5wsc6p7gvixy23m4j8d8csgfjd", "fields": {"session_data": "MzJkY2JjNTE1YzhjYmJhODk4M2E4M2U1MTRiOTg2NGYwYmI5ZDkxMTp7Il9hdXRoX3VzZXJfaWQiOiIxMCIsIl9hdXRoX3VzZXJfYmFja2VuZCI6ImRqYW5nby5jb250cmliLmF1dGguYmFja2VuZHMuTW9kZWxCYWNrZW5kIiwiX2F1dGhfdXNlcl9oYXNoIjoiNTQ3MGY4YTI5YjE5MTBjZDA0ZTE2NjUyYTM1YmNjNTZlNThjMTljMCJ9", "expire_date": "2018-09-27T12:58:14.647Z"}}, {"model": "sessions.session", "pk": "v2far9bj25eo0h5vokcvynhtoajy627f", "fields": {"session_data": "OTliZDJmNmE2MzNkOTVjYjZkYTAyYzhlNzhlMTY3ZWQ1YTEzZmM4Njp7Il9hdXRoX3VzZXJfaWQiOiIyIiwiX2F1dGhfdXNlcl9iYWNrZW5kIjoiZGphbmdvLmNvbnRyaWIuYXV0aC5iYWNrZW5kcy5Nb2RlbEJhY2tlbmQiLCJfYXV0aF91c2VyX2hhc2giOiJmYzBiMTYzNmYyNGNhYjBkNDE3N2M5MTRjOGYwOTRjNDczZmFmMWQyIn0=", "expire_date": "2018-09-27T12:58:13.753Z"}}, {"model": "auth.permission", "pk": 1, "fields": {"name": "Can add log entry", "content_type": 1, "codename": "add_logentry"}}, {"model": "auth.permission", "pk": 2, "fields": {"name": "Can change log entry", "content_type": 1, "codename": "change_logentry"}}, {"model": "auth.permission", "pk": 3, "fields": {"name": "Can delete log entry", "content_type": 1, "codename": "delete_logentry"}}, {"model": "auth.permission", "pk": 4, "fields": {"name": "Can add permission", "content_type": 2, "codename": "add_permission"}}, {"model": "auth.permission", "pk": 5, "fields": {"name": "Can change permission", "content_type": 2, "codename": "change_permission"}}, {"model": "auth.permission", "pk": 6, "fields": {"name": "Can delete permission", "content_type": 2, "codename": "delete_permission"}}, {"model": "auth.permission", "pk": 7, "fields": {"name": "Can add group", "content_type": 3, "codename": "add_group"}}, {"model": "auth.permission", "pk": 8, "fields": {"name": "Can change group", "content_type": 3, "codename": "change_group"}}, {"model": "auth.permission", "pk": 9, "fields": {"name": "Can delete group", "content_type": 3, "codename": "delete_group"}}, {"model": "auth.permission", "pk": 10, "fields": {"name": "Can add user", "content_type": 4, "codename": "add_user"}}, {"model": "auth.permission", "pk": 11, "fields": {"name": "Can change user", "content_type": 4, "codename": "change_user"}}, {"model": "auth.permission", "pk": 12, "fields": {"name": "Can delete user", "content_type": 4, "codename": "delete_user"}}, {"model": "auth.permission", "pk": 13, "fields": {"name": "Can add content type", "content_type": 5, "codename": "add_contenttype"}}, {"model": "auth.permission", "pk": 14, "fields": {"name": "Can change content type", "content_type": 5, "codename": "change_contenttype"}}, {"model": "auth.permission", "pk": 15, "fields": {"name": "Can delete content type", "content_type": 5, "codename": "delete_contenttype"}}, {"model": "auth.permission", "pk": 16, "fields": {"name": "Can add session", "content_type": 6, "codename": "add_session"}}, {"model": "auth.permission", "pk": 17, "fields": {"name": "Can change session", "content_type": 6, "codename": "change_session"}}, {"model": "auth.permission", "pk": 18, "fields": {"name": "Can delete session", "content_type": 6, "codename": "delete_session"}}, {"model": "auth.permission", "pk": 19, "fields": {"name": "Can add post", "content_type": 7, "codename": "add_post"}}, {"model": "auth.permission", "pk": 20, "fields": {"name": "Can change post", "content_type": 7, "codename": "change_post"}}, {"model": "auth.permission", "pk": 21, "fields": {"name": "Can delete post", "content_type": 7, "codename": "delete_post"}}, {"model": "auth.permission", "pk": 22, "fields": {"name": "Can add preference", "content_type": 8, "codename": "add_preference"}}, {"model": "auth.permission", "pk": 23, "fields": {"name": "Can change preference", "content_type": 8, "codename": "change_preference"}}, {"model": "auth.permission", "pk": 24, "fields": {"name": "Can delete preference", "content_type": 8, "codename": "delete_preference"}}, {"model": "auth.permission", "pk": 25, "fields": {"name": "Can add profile", "content_type": 9, "codename": "add_profile"}}, {"model": "auth.permission", "pk": 26, "fields": {"name": "Can change profile", "content_type": 9, "codename": "change_profile"}}, {"model": "auth.permission", "pk": 27, "fields": {"name": "Can delete profile", "content_type": 9, "codename": "delete_profile"}}, {"model": "auth.user", "pk": 1, "fields": {"password": "pbkdf2_sha256$100000$1ybjuPPrYtIz$h7TC4k+AsQFLlZnuOxsadHeK7yx2vZTsKjyE2ZdG2iY=", "last_login": "2018-09-13T12:58:13.641Z", "is_superuser": false, "username": "username_jOOP4uzMpv", "first_name": "first_name_XngMymiB0l", "last_name": "last_name_0uUS7neVEf", "email": "parth@hiration.com", "is_staff": false, "is_active": true, "date_joined": "2018-09-13T12:56:01.676Z", "groups": [], "user_permissions": []}}, {"model": "auth.user", "pk": 2, "fields": {"password": "pbkdf2_sha256$100000$tjwA3rXGJ59z$7zfDQq1CfijetHg8hS5CnKdHlLQ3EP2BtXlVooRzEEY=", "last_login": "2018-09-13T12:58:13.749Z", "is_superuser": false, "username": "username_1bnzjTa7Yu", "first_name": "first_name_t0vKsamYgZ", "last_name": "last_name_sNizE5Ocgy", "email": "parth@hiration.com", "is_staff": false, "is_active": true, "date_joined": "2018-09-13T12:56:16.363Z", "groups": [], "user_permissions": []}}, {"model": "auth.user", "pk": 3, "fields": {"password": "pbkdf2_sha256$100000$cCOuXKvOrvbD$q4tnW/jFWHsBd9CrhQl999xkoLtCICQ2Rq0Db8V/pic=", "last_login": "2018-09-13T12:58:13.855Z", "is_superuser": false, "username": "username_SbF1BK2Xwb", "first_name": "first_name_MIAF72E9bl", "last_name": "last_name_94HmcTUyqo", "email": "ahirnish@gmail.com", "is_staff": false, "is_active": true, "date_joined": "2018-09-13T12:56:30.701Z", "groups": [], "user_permissions": []}}, {"model": "auth.user", "pk": 4, "fields": {"password": "pbkdf2_sha256$100000$XQrc2un4gfHh$CkN1g7CD3en+m68RwFBxjbEdXeF5J/McVhaNFFbCarQ=", "last_login": "2018-09-13T12:58:13.964Z", "is_superuser": false, "username": "username_1gfS7gcarD", "first_name": "first_name_6bYy2sI3eG", "last_name": "last_name_tq0djbcZxG", "email": "ahirnish@gmail.com", "is_staff": false, "is_active": true, "date_joined": "2018-09-13T12:56:45.446Z", "groups": [], "user_permissions": []}}, {"model": "auth.user", "pk": 5, "fields": {"password": "pbkdf2_sha256$100000$iPsL5oqShlqk$trtjLvyFS6BI0qLZ5K0k1ZKiSVHWN8f9dUXC5pgxr24=", "last_login": "2018-09-13T12:58:14.073Z", "is_superuser": false, "username": "username_GOxLpJ3JKn", "first_name": "first_name_VyepZOaanN", "last_name": "last_name_piJ1upl2Up", "email": "ahirnish@gmail.com", "is_staff": false, "is_active": true, "date_joined": "2018-09-13T12:57:00.190Z", "groups": [], "user_permissions": []}}, {"model": "auth.user", "pk": 6, "fields": {"password": "pbkdf2_sha256$100000$M6g2NS1KcHW0$B/UCOF66V2fGsHNEVnAgcj77hlMHtsl/gYHdyjn9Ldk=", "last_login": "2018-09-13T12:58:14.182Z", "is_superuser": false, "username": "username_cSZTSHJAVh", "first_name": "first_name_EHqzhRaTtt", "last_name": "last_name_b375mhCvS5", "email": "vibhooti@planetganges.com", "is_staff": false, "is_active": true, "date_joined": "2018-09-13T12:57:14.373Z", "groups": [], "user_permissions": []}}, {"model": "auth.user", "pk": 7, "fields": {"password": "pbkdf2_sha256$100000$SWmJGbcABekb$bMB8JpkHiCWdEmyYvGqrSa2KoLpaotajxs0IinRraTY=", "last_login": "2018-09-13T12:58:14.292Z", "is_superuser": false, "username": "username_FYztviKvK5", "first_name": "first_name_ufcODPOnq6", "last_name": "last_name_58vzZm4vXP", "email": "ahirnish@gmail.com", "is_staff": false, "is_active": true, "date_joined": "2018-09-13T12:57:28.658Z", "groups": [], "user_permissions": []}}, {"model": "auth.user", "pk": 8, "fields": {"password": "pbkdf2_sha256$100000$SNAZKV9YHN7m$F2o38ZurrG995Fbh1BDzzMVldu7EmMbeZv2ikI7ES5I=", "last_login": "2018-09-13T12:58:14.411Z", "is_superuser": false, "username": "username_857VBQchh5", "first_name": "first_name_9k3qHwwWG4", "last_name": "last_name_q1qENXHwrJ", "email": "ahirnish@gmail.com", "is_staff": false, "is_active": true, "date_joined": "2018-09-13T12:57:43.403Z", "groups": [], "user_permissions": []}}, {"model": "auth.user", "pk": 9, "fields": {"password": "pbkdf2_sha256$100000$G8TMWSPjaUnz$BXGJqRei+/MSV+O7UUeF8i/1okkHZWty95Cn+mL83Y0=", "last_login": "2018-09-13T12:58:14.521Z", "is_superuser": false, "username": "username_qvws5qAQTQ", "first_name": "first_name_hBa0ss4QRS", "last_name": "last_name_SIIGquj0VG", "email": "sonul@arista.com", "is_staff": false, "is_active": true, "date_joined": "2018-09-13T12:57:57.743Z", "groups": [], "user_permissions": []}}, {"model": "auth.user", "pk": 10, "fields": {"password": "pbkdf2_sha256$100000$T5MmimWdf06V$YF7Cq/F/7t4AHueVeAU04zODgC6S8khSJjWBdep0wCw=", "last_login": "2018-09-13T12:58:14.637Z", "is_superuser": false, "username": "username_S2ifgLIK6A", "first_name": "first_name_dTZi0xx38L", "last_name": "last_name_hqPT8aVNU3", "email": "vibhooti@planetganges.com", "is_staff": false, "is_active": true, "date_joined": "2018-09-13T12:58:12.281Z", "groups": [], "user_permissions": []}}, {"model": "api.profile", "pk": 1, "fields": {"user": 1, "location": null, "bio": null, "site": null, "timezone": null, "utc_offset": null, "company_name": "Hiration", "company_role": null, "facebook_handle": null, "twitter_handle": null, "github_handle": null, "linkedin_handle": null, "googleplus_handle": null}}, {"model": "api.profile", "pk": 2, "fields": {"user": 2, "location": null, "bio": null, "site": null, "timezone": null, "utc_offset": null, "company_name": "Hiration", "company_role": null, "facebook_handle": null, "twitter_handle": null, "github_handle": null, "linkedin_handle": null, "googleplus_handle": null}}, {"model": "api.profile", "pk": 3, "fields": {"user": 3, "location": "Varanasi, UP, IN", "bio": "Day and Night - That's what my name means! A bit of all - liberal, fanatic, romantic, complicated. You will always find me revelling in 70's and 80's classic rock-n-roll and also when I am headbanging to progressive grooves. Oh, and when I am procrastin...", "site": null, "timezone": "Asia/Kolkata", "utc_offset": 5, "company_name": null, "company_role": null, "facebook_handle": "ahirnish", "twitter_handle": null, "github_handle": null, "linkedin_handle": null, "googleplus_handle": null}}, {"model": "api.profile", "pk": 4, "fields": {"user": 4, "location": "Varanasi, UP, IN", "bio": "Day and Night - That's what my name means! A bit of all - liberal, fanatic, romantic, complicated. You will always find me revelling in 70's and 80's classic rock-n-roll and also when I am headbanging to progressive grooves. Oh, and when I am procrastin...", "site": null, "timezone": "Asia/Kolkata", "utc_offset": 5, "company_name": null, "company_role": null, "facebook_handle": "ahirnish", "twitter_handle": null, "github_handle": null, "linkedin_handle": null, "googleplus_handle": null}}, {"model": "api.profile", "pk": 5, "fields": {"user": 5, "location": "Varanasi, UP, IN", "bio": "Day and Night - That's what my name means! A bit of all - liberal, fanatic, romantic, complicated. You will always find me revelling in 70's and 80's classic rock-n-roll and also when I am headbanging to progressive grooves. Oh, and when I am procrastin...", "site": null, "timezone": "Asia/Kolkata", "utc_offset": 5, "company_name": null, "company_role": null, "facebook_handle": "ahirnish", "twitter_handle": null, "github_handle": null, "linkedin_handle": null, "googleplus_handle": null}}, {"model": "api.profile", "pk": 6, "fields": {"user": 6, "location": null, "bio": null, "site": null, "timezone": null, "utc_offset": null, "company_name": "Planet Ganges", "company_role": null, "facebook_handle": null, "twitter_handle": null, "github_handle": null, "linkedin_handle": null, "googleplus_handle": null}}, {"model": "api.profile", "pk": 7, "fields": {"user": 7, "location": "Varanasi, UP, IN", "bio": "Day and Night - That's what my name means! A bit of all - liberal, fanatic, romantic, complicated. You will always find me revelling in 70's and 80's classic rock-n-roll and also when I am headbanging to progressive grooves. Oh, and when I am procrastin...", "site": null, "timezone": "Asia/Kolkata", "utc_offset": 5, "company_name": null, "company_role": null, "facebook_handle": "ahirnish", "twitter_handle": null, "github_handle": null, "linkedin_handle": null, "googleplus_handle": null}}, {"model": "api.profile", "pk": 8, "fields": {"user": 8, "location": "Varanasi, UP, IN", "bio": "Day and Night - That's what my name means! A bit of all - liberal, fanatic, romantic, complicated. You will always find me revelling in 70's and 80's classic rock-n-roll and also when I am headbanging to progressive grooves. Oh, and when I am procrastin...", "site": null, "timezone": "Asia/Kolkata", "utc_offset": 5, "company_name": null, "company_role": null, "facebook_handle": "ahirnish", "twitter_handle": null, "github_handle": null, "linkedin_handle": null, "googleplus_handle": null}}, {"model": "api.profile", "pk": 9, "fields": {"user": 9, "location": "Bengaluru, KA, IN", "bio": null, "site": null, "timezone": "Asia/Kolkata", "utc_offset": 5, "company_name": "Arista Networks", "company_role": "engineering", "facebook_handle": null, "twitter_handle": null, "github_handle": null, "linkedin_handle": "in/sonul-saxena-a849893a", "googleplus_handle": null}}, {"model": "api.profile", "pk": 10, "fields": {"user": 10, "location": null, "bio": null, "site": null, "timezone": null, "utc_offset": null, "company_name": "Planet Ganges", "company_role": null, "facebook_handle": null, "twitter_handle": null, "github_handle": null, "linkedin_handle": null, "googleplus_handle": null}}, {"model": "api.post", "pk": 1, "fields": {"content": "post_JASwKUqheU", "likes": 0, "unlikes": 0, "author": 1, "created_at": "2018-09-13T12:58:14.659Z", "updated_at": "2018-09-13T12:58:14.659Z"}}, {"model": "api.post", "pk": 2, "fields": {"content": "post_o1g5UX01Q9", "likes": 2, "unlikes": 0, "author": 1, "created_at": "2018-09-13T12:58:14.676Z", "updated_at": "2018-09-13T12:58:19.949Z"}}, {"model": "api.post", "pk": 3, "fields": {"content": "post_O6XtFjG5eM", "likes": 1, "unlikes": 0, "author": 1, "created_at": "2018-09-13T12:58:14.695Z", "updated_at": "2018-09-13T12:58:16.713Z"}}, {"model": "api.post", "pk": 4, "fields": {"content": "post_HJTL86ICPT", "likes": 2, "unlikes": 0, "author": 1, "created_at": "2018-09-13T12:58:14.712Z", "updated_at": "2018-09-13T12:58:25.201Z"}}, {"model": "api.post", "pk": 5, "fields": {"content": "post_ELkDpG3Cc4", "likes": 2, "unlikes": 0, "author": 1, "created_at": "2018-09-13T12:58:14.729Z", "updated_at": "2018-09-13T12:58:22.221Z"}}, {"model": "api.post", "pk": 6, "fields": {"content": "post_2Lpo8R8Tio", "likes": 1, "unlikes": 0, "author": 2, "created_at": "2018-09-13T12:58:14.746Z", "updated_at": "2018-09-13T12:58:16.908Z"}}, {"model": "api.post", "pk": 7, "fields": {"content": "post_5wl96YkVAv", "likes": 1, "unlikes": 0, "author": 2, "created_at": "2018-09-13T12:58:14.764Z", "updated_at": "2018-09-13T12:58:17.921Z"}}, {"model": "api.post", "pk": 8, "fields": {"content": "post_CoqH0FMkqU", "likes": 3, "unlikes": 0, "author": 3, "created_at": "2018-09-13T12:58:14.781Z", "updated_at": "2018-09-13T12:58:20.759Z"}}, {"model": "api.post", "pk": 9, "fields": {"content": "post_6HxGSFdEon", "likes": 2, "unlikes": 0, "author": 3, "created_at": "2018-09-13T12:58:14.802Z", "updated_at": "2018-09-13T12:58:24.757Z"}}, {"model": "api.post", "pk": 10, "fields": {"content": "post_X5pCyaRCuf", "likes": 4, "unlikes": 0, "author": 3, "created_at": "2018-09-13T12:58:14.818Z", "updated_at": "2018-09-13T12:58:25.661Z"}}, {"model": "api.post", "pk": 11, "fields": {"content": "post_mf7WIUHiXA", "likes": 3, "unlikes": 0, "author": 3, "created_at": "2018-09-13T12:58:14.836Z", "updated_at": "2018-09-13T12:58:24.549Z"}}, {"model": "api.post", "pk": 12, "fields": {"content": "post_zMR3dBO8na", "likes": 3, "unlikes": 0, "author": 3, "created_at": "2018-09-13T12:58:14.854Z", "updated_at": "2018-09-13T12:58:23.048Z"}}, {"model": "api.post", "pk": 13, "fields": {"content": "post_Tb57WkKOCo", "likes": 0, "unlikes": 0, "author": 3, "created_at": "2018-09-13T12:58:14.871Z", "updated_at": "2018-09-13T12:58:14.872Z"}}, {"model": "api.post", "pk": 14, "fields": {"content": "post_sPLMa4JbRc", "likes": 1, "unlikes": 0, "author": 4, "created_at": "2018-09-13T12:58:14.888Z", "updated_at": "2018-09-13T12:58:21.158Z"}}, {"model": "api.post", "pk": 15, "fields": {"content": "post_9wRRecymQT", "likes": 2, "unlikes": 0, "author": 5, "created_at": "2018-09-13T12:58:14.934Z", "updated_at": "2018-09-13T12:58:23.907Z"}}, {"model": "api.post", "pk": 16, "fields": {"content": "post_TleMCXjOEG", "likes": 0, "unlikes": 0, "author": 5, "created_at": "2018-09-13T12:58:14.952Z", "updated_at": "2018-09-13T12:58:14.952Z"}}, {"model": "api.post", "pk": 17, "fields": {"content": "post_sZiheMkhLQ", "likes": 3, "unlikes": 0, "author": 5, "created_at": "2018-09-13T12:58:14.971Z", "updated_at": "2018-09-13T12:58:24.345Z"}}, {"model": "api.post", "pk": 18, "fields": {"content": "post_uuY8aJqhfJ", "likes": 1, "unlikes": 0, "author": 6, "created_at": "2018-09-13T12:58:14.988Z", "updated_at": "2018-09-13T12:58:17.320Z"}}, {"model": "api.post", "pk": 19, "fields": {"content": "post_yhYxlB5zPg", "likes": 1, "unlikes": 0, "author": 7, "created_at": "2018-09-13T12:58:15.007Z", "updated_at": "2018-09-13T12:58:15.750Z"}}, {"model": "api.post", "pk": 20, "fields": {"content": "post_kOZwXdEbe9", "likes": 1, "unlikes": 0, "author": 7, "created_at": "2018-09-13T12:58:15.026Z", "updated_at": "2018-09-13T12:58:15.939Z"}}, {"model": "api.post", "pk": 21, "fields": {"content": "post_kGh3n7z9jR", "likes": 1, "unlikes": 0, "author": 7, "created_at": "2018-09-13T12:58:15.044Z", "updated_at": "2018-09-13T12:58:18.523Z"}}, {"model": "api.post", "pk": 22, "fields": {"content": "post_5Bq9bNno7A", "likes": 2, "unlikes": 0, "author": 10, "created_at": "2018-09-13T12:58:15.061Z", "updated_at": "2018-09-13T12:58:22.416Z"}}, {"model": "api.post", "pk": 23, "fields": {"content": "post_M6vkhHs6nG", "likes": 0, "unlikes": 0, "author": 10, "created_at": "2018-09-13T12:58:15.080Z", "updated_at": "2018-09-13T12:58:15.080Z"}}, {"model": "api.post", "pk": 24, "fields": {"content": "post_FLWz4ee7i2", "likes": 2, "unlikes": 0, "author": 10, "created_at": "2018-09-13T12:58:15.096Z", "updated_at": "2018-09-13T12:58:21.595Z"}}, {"model": "api.post", "pk": 25, "fields": {"content": "post_UJfUequi43", "likes": 3, "unlikes": 0, "author": 10, "created_at": "2018-09-13T12:58:15.116Z", "updated_at": "2018-09-13T12:58:24.109Z"}}, {"model": "api.post", "pk": 26, "fields": {"content": "post_X0K1KdQSAo", "likes": 1, "unlikes": 0, "author": 10, "created_at": "2018-09-13T12:58:15.133Z", "updated_at": "2018-09-13T12:58:21.380Z"}}, {"model": "api.post", "pk": 27, "fields": {"content": "post_ioUELpinU6", "likes": 3, "unlikes": 0, "author": 10, "created_at": "2018-09-13T12:58:15.151Z", "updated_at": "2018-09-13T12:58:25.411Z"}}, {"model": "api.post", "pk": 28, "fields": {"content": "post_lpap6mEAMv", "likes": 5, "unlikes": 0, "author": 10, "created_at": "2018-09-13T12:58:15.168Z", "updated_at": "2018-09-13T12:58:24.996Z"}}, {"model": "api.preference", "pk": 1, "fields": {"post": 9, "user": 10, "value": true, "created_at": "2018-09-13T12:58:15.524Z", "updated_at": "2018-09-13T12:58:15.524Z"}}, {"model": "api.preference", "pk": 2, "fields": {"post": 19, "user": 10, "value": true, "created_at": "2018-09-13T12:58:15.747Z", "updated_at": "2018-09-13T12:58:15.747Z"}}, {"model": "api.preference", "pk": 3, "fields": {"post": 20, "user": 10, "value": true, "created_at": "2018-09-13T12:58:15.936Z", "updated_at": "2018-09-13T12:58:15.936Z"}}, {"model": "api.preference", "pk": 4, "fields": {"post": 15, "user": 10, "value": true, "created_at": "2018-09-13T12:58:16.121Z", "updated_at": "2018-09-13T12:58:16.121Z"}}, {"model": "api.preference", "pk": 5, "fields": {"post": 10, "user": 10, "value": true, "created_at": "2018-09-13T12:58:16.331Z", "updated_at": "2018-09-13T12:58:16.331Z"}}, {"model": "api.preference", "pk": 6, "fields": {"post": 27, "user": 3, "value": true, "created_at": "2018-09-13T12:58:16.520Z", "updated_at": "2018-09-13T12:58:16.520Z"}}, {"model": "api.preference", "pk": 7, "fields": {"post": 3, "user": 3, "value": true, "created_at": "2018-09-13T12:58:16.709Z", "updated_at": "2018-09-13T12:58:16.709Z"}}, {"model": "api.preference", "pk": 8, "fields": {"post": 6, "user": 3, "value": true, "created_at": "2018-09-13T12:58:16.905Z", "updated_at": "2018-09-13T12:58:16.905Z"}}, {"model": "api.preference", "pk": 9, "fields": {"post": 2, "user": 3, "value": true, "created_at": "2018-09-13T12:58:17.131Z", "updated_at": "2018-09-13T12:58:17.131Z"}}, {"model": "api.preference", "pk": 10, "fields": {"post": 18, "user": 3, "value": true, "created_at": "2018-09-13T12:58:17.317Z", "updated_at": "2018-09-13T12:58:17.317Z"}}, {"model": "api.preference", "pk": 11, "fields": {"post": 10, "user": 1, "value": true, "created_at": "2018-09-13T12:58:17.504Z", "updated_at": "2018-09-13T12:58:17.504Z"}}, {"model": "api.preference", "pk": 12, "fields": {"post": 24, "user": 1, "value": true, "created_at": "2018-09-13T12:58:17.726Z", "updated_at": "2018-09-13T12:58:17.726Z"}}, {"model": "api.preference", "pk": 13, "fields": {"post": 7, "user": 1, "value": true, "created_at": "2018-09-13T12:58:17.917Z", "updated_at": "2018-09-13T12:58:17.917Z"}}, {"model": "api.preference", "pk": 14, "fields": {"post": 17, "user": 1, "value": true, "created_at": "2018-09-13T12:58:18.109Z", "updated_at": "2018-09-13T12:58:18.109Z"}}, {"model": "api.preference", "pk": 15, "fields": {"post": 12, "user": 1, "value": true, "created_at": "2018-09-13T12:58:18.296Z", "updated_at": "2018-09-13T12:58:18.296Z"}}, {"model": "api.preference", "pk": 16, "fields": {"post": 21, "user": 5, "value": true, "created_at": "2018-09-13T12:58:18.520Z", "updated_at": "2018-09-13T12:58:18.520Z"}}, {"model": "api.preference", "pk": 17, "fields": {"post": 5, "user": 5, "value": true, "created_at": "2018-09-13T12:58:18.709Z", "updated_at": "2018-09-13T12:58:18.709Z"}}, {"model": "api.preference", "pk": 18, "fields": {"post": 8, "user": 5, "value": true, "created_at": "2018-09-13T12:58:18.898Z", "updated_at": "2018-09-13T12:58:18.898Z"}}, {"model": "api.preference", "pk": 19, "fields": {"post": 28, "user": 5, "value": true, "created_at": "2018-09-13T12:58:19.098Z", "updated_at": "2018-09-13T12:58:19.098Z"}}, {"model": "api.preference", "pk": 20, "fields": {"post": 25, "user": 5, "value": true, "created_at": "2018-09-13T12:58:19.329Z", "updated_at": "2018-09-13T12:58:19.329Z"}}, {"model": "api.preference", "pk": 21, "fields": {"post": 11, "user": 7, "value": true, "created_at": "2018-09-13T12:58:19.518Z", "updated_at": "2018-09-13T12:58:19.518Z"}}, {"model": "api.preference", "pk": 22, "fields": {"post": 8, "user": 7, "value": true, "created_at": "2018-09-13T12:58:19.717Z", "updated_at": "2018-09-13T12:58:19.717Z"}}, {"model": "api.preference", "pk": 23, "fields": {"post": 2, "user": 7, "value": true, "created_at": "2018-09-13T12:58:19.945Z", "updated_at": "2018-09-13T12:58:19.945Z"}}, {"model": "api.preference", "pk": 24, "fields": {"post": 27, "user": 7, "value": true, "created_at": "2018-09-13T12:58:20.141Z", "updated_at": "2018-09-13T12:58:20.141Z"}}, {"model": "api.preference", "pk": 25, "fields": {"post": 12, "user": 7, "value": true, "created_at": "2018-09-13T12:58:20.340Z", "updated_at": "2018-09-13T12:58:20.340Z"}}, {"model": "api.preference", "pk": 26, "fields": {"post": 22, "user": 2, "value": true, "created_at": "2018-09-13T12:58:20.562Z", "updated_at": "2018-09-13T12:58:20.562Z"}}, {"model": "api.preference", "pk": 27, "fields": {"post": 8, "user": 2, "value": true, "created_at": "2018-09-13T12:58:20.755Z", "updated_at": "2018-09-13T12:58:20.755Z"}}, {"model": "api.preference", "pk": 28, "fields": {"post": 11, "user": 2, "value": true, "created_at": "2018-09-13T12:58:20.952Z", "updated_at": "2018-09-13T12:58:20.952Z"}}, {"model": "api.preference", "pk": 29, "fields": {"post": 14, "user": 2, "value": true, "created_at": "2018-09-13T12:58:21.154Z", "updated_at": "2018-09-13T12:58:21.154Z"}}, {"model": "api.preference", "pk": 30, "fields": {"post": 26, "user": 2, "value": true, "created_at": "2018-09-13T12:58:21.376Z", "updated_at": "2018-09-13T12:58:21.376Z"}}, {"model": "api.preference", "pk": 31, "fields": {"post": 24, "user": 4, "value": true, "created_at": "2018-09-13T12:58:21.591Z", "updated_at": "2018-09-13T12:58:21.591Z"}}, {"model": "api.preference", "pk": 32, "fields": {"post": 10, "user": 4, "value": true, "created_at": "2018-09-13T12:58:21.786Z", "updated_at": "2018-09-13T12:58:21.786Z"}}, {"model": "api.preference", "pk": 33, "fields": {"post": 28, "user": 4, "value": true, "created_at": "2018-09-13T12:58:21.990Z", "updated_at": "2018-09-13T12:58:21.990Z"}}, {"model": "api.preference", "pk": 34, "fields": {"post": 5, "user": 4, "value": true, "created_at": "2018-09-13T12:58:22.217Z", "updated_at": "2018-09-13T12:58:22.217Z"}}, {"model": "api.preference", "pk": 35, "fields": {"post": 22, "user": 4, "value": true, "created_at": "2018-09-13T12:58:22.412Z", "updated_at": "2018-09-13T12:58:22.412Z"}}, {"model": "api.preference", "pk": 36, "fields": {"post": 4, "user": 6, "value": true, "created_at": "2018-09-13T12:58:22.617Z", "updated_at": "2018-09-13T12:58:22.617Z"}}, {"model": "api.preference", "pk": 37, "fields": {"post": 28, "user": 6, "value": true, "created_at": "2018-09-13T12:58:22.839Z", "updated_at": "2018-09-13T12:58:22.839Z"}}, {"model": "api.preference", "pk": 38, "fields": {"post": 12, "user": 6, "value": true, "created_at": "2018-09-13T12:58:23.044Z", "updated_at": "2018-09-13T12:58:23.044Z"}}, {"model": "api.preference", "pk": 39, "fields": {"post": 17, "user": 6, "value": true, "created_at": "2018-09-13T12:58:23.261Z", "updated_at": "2018-09-13T12:58:23.261Z"}}, {"model": "api.preference", "pk": 40, "fields": {"post": 25, "user": 6, "value": true, "created_at": "2018-09-13T12:58:23.459Z", "updated_at": "2018-09-13T12:58:23.459Z"}}, {"model": "api.preference", "pk": 41, "fields": {"post": 28, "user": 8, "value": true, "created_at": "2018-09-13T12:58:23.702Z", "updated_at": "2018-09-13T12:58:23.702Z"}}, {"model": "api.preference", "pk": 42, "fields": {"post": 15, "user": 8, "value": true, "created_at": "2018-09-13T12:58:23.903Z", "updated_at": "2018-09-13T12:58:23.903Z"}}, {"model": "api.preference", "pk": 43, "fields": {"post": 25, "user": 8, "value": true, "created_at": "2018-09-13T12:58:24.106Z", "updated_at": "2018-09-13T12:58:24.106Z"}}, {"model": "api.preference", "pk": 44, "fields": {"post": 17, "user": 8, "value": true, "created_at": "2018-09-13T12:58:24.341Z", "updated_at": "2018-09-13T12:58:24.341Z"}}, {"model": "api.preference", "pk": 45, "fields": {"post": 11, "user": 8, "value": true, "created_at": "2018-09-13T12:58:24.545Z", "updated_at": "2018-09-13T12:58:24.545Z"}}, {"model": "api.preference", "pk": 46, "fields": {"post": 9, "user": 9, "value": true, "created_at": "2018-09-13T12:58:24.754Z", "updated_at": "2018-09-13T12:58:24.754Z"}}, {"model": "api.preference", "pk": 47, "fields": {"post": 28, "user": 9, "value": true, "created_at": "2018-09-13T12:58:24.993Z", "updated_at": "2018-09-13T12:58:24.993Z"}}, {"model": "api.preference", "pk": 48, "fields": {"post": 4, "user": 9, "value": true, "created_at": "2018-09-13T12:58:25.196Z", "updated_at": "2018-09-13T12:58:25.197Z"}}, {"model": "api.preference", "pk": 49, "fields": {"post": 27, "user": 9, "value": true, "created_at": "2018-09-13T12:58:25.408Z", "updated_at": "2018-09-13T12:58:25.408Z"}}, {"model": "api.preference", "pk": 50, "fields": {"post": 10, "user": 9, "value": true, "created_at": "2018-09-13T12:58:25.658Z", "updated_at": "2018-09-13T12:58:25.658Z"}}]